{"errors":[],"warnings":[],"namedChunkGroups":{"app":{"chunks":[11,4],"assets":["webpack-runtime-657331e33524e2550db8.js","webpack-runtime-657331e33524e2550db8.js.map","app-5b57c5fd5214418c2703.js","app-5b57c5fd5214418c2703.js.map"],"children":{},"childAssets":{}},"component---web-pages-404-tsx":{"chunks":[0,1,5],"assets":["0.2fc45af7186eedb51cf7.css","0-5e58bf65db2a5d2a0b73.js","0.2fc45af7186eedb51cf7.css.map","0-5e58bf65db2a5d2a0b73.js.map","1.1cb8a4beab9a10452e75.css","1-fe07b8e3a145fbc1222f.js","1.1cb8a4beab9a10452e75.css.map","1-fe07b8e3a145fbc1222f.js.map","component---web-pages-404-tsx-bbaae146654c767034cd.js","component---web-pages-404-tsx-bbaae146654c767034cd.js.map"],"children":{},"childAssets":{}},"component---web-pages-demo-tsx":{"chunks":[0,1,2,3,6],"assets":["0.2fc45af7186eedb51cf7.css","0-5e58bf65db2a5d2a0b73.js","0.2fc45af7186eedb51cf7.css.map","0-5e58bf65db2a5d2a0b73.js.map","1.1cb8a4beab9a10452e75.css","1-fe07b8e3a145fbc1222f.js","1.1cb8a4beab9a10452e75.css.map","1-fe07b8e3a145fbc1222f.js.map","2.434967316f743de0ac49.css","2-49d2903221be7a12d8cf.js","2.434967316f743de0ac49.css.map","2-49d2903221be7a12d8cf.js.map","3.aa0d1f5fb62efbcc9725.css","3-99e3593727ce12b5d9b8.js","3.aa0d1f5fb62efbcc9725.css.map","3-99e3593727ce12b5d9b8.js.map","component---web-pages-demo-tsx.bf0ad332d74288db3b9d.css","component---web-pages-demo-tsx-1f48d20d6fc3484153a5.js","component---web-pages-demo-tsx.bf0ad332d74288db3b9d.css.map","component---web-pages-demo-tsx-1f48d20d6fc3484153a5.js.map"],"children":{},"childAssets":{}},"component---web-pages-index-tsx":{"chunks":[0,2,10,7],"assets":["0.2fc45af7186eedb51cf7.css","0-5e58bf65db2a5d2a0b73.js","0.2fc45af7186eedb51cf7.css.map","0-5e58bf65db2a5d2a0b73.js.map","2.434967316f743de0ac49.css","2-49d2903221be7a12d8cf.js","2.434967316f743de0ac49.css.map","2-49d2903221be7a12d8cf.js.map","10-b293c8448cbb56f794e9.js","10-b293c8448cbb56f794e9.js.map","component---web-pages-index-tsx-85022e4d8322efdcef21.js","component---web-pages-index-tsx-85022e4d8322efdcef21.js.map"],"children":{},"childAssets":{}},"component---web-pages-train-tsx":{"chunks":[0,1,2,3,8],"assets":["0.2fc45af7186eedb51cf7.css","0-5e58bf65db2a5d2a0b73.js","0.2fc45af7186eedb51cf7.css.map","0-5e58bf65db2a5d2a0b73.js.map","1.1cb8a4beab9a10452e75.css","1-fe07b8e3a145fbc1222f.js","1.1cb8a4beab9a10452e75.css.map","1-fe07b8e3a145fbc1222f.js.map","2.434967316f743de0ac49.css","2-49d2903221be7a12d8cf.js","2.434967316f743de0ac49.css.map","2-49d2903221be7a12d8cf.js.map","3.aa0d1f5fb62efbcc9725.css","3-99e3593727ce12b5d9b8.js","3.aa0d1f5fb62efbcc9725.css.map","3-99e3593727ce12b5d9b8.js.map","component---web-pages-train-tsx.ff60a4db5c194fb00b8f.css","component---web-pages-train-tsx-b4a2785dd6359b695ff0.js","component---web-pages-train-tsx.ff60a4db5c194fb00b8f.css.map","component---web-pages-train-tsx-b4a2785dd6359b695ff0.js.map"],"children":{},"childAssets":{}}},"assetsByChunkName":{"app":["webpack-runtime-657331e33524e2550db8.js","app-5b57c5fd5214418c2703.js"],"component---web-pages-404-tsx":["0.2fc45af7186eedb51cf7.css","0-5e58bf65db2a5d2a0b73.js","1.1cb8a4beab9a10452e75.css","1-fe07b8e3a145fbc1222f.js","component---web-pages-404-tsx-bbaae146654c767034cd.js"],"component---web-pages-demo-tsx":["0.2fc45af7186eedb51cf7.css","0-5e58bf65db2a5d2a0b73.js","1.1cb8a4beab9a10452e75.css","1-fe07b8e3a145fbc1222f.js","2.434967316f743de0ac49.css","2-49d2903221be7a12d8cf.js","3.aa0d1f5fb62efbcc9725.css","3-99e3593727ce12b5d9b8.js","component---web-pages-demo-tsx.bf0ad332d74288db3b9d.css","component---web-pages-demo-tsx-1f48d20d6fc3484153a5.js"],"component---web-pages-index-tsx":["0.2fc45af7186eedb51cf7.css","0-5e58bf65db2a5d2a0b73.js","2.434967316f743de0ac49.css","2-49d2903221be7a12d8cf.js","10-b293c8448cbb56f794e9.js","component---web-pages-index-tsx-85022e4d8322efdcef21.js"],"component---web-pages-train-tsx":["0.2fc45af7186eedb51cf7.css","0-5e58bf65db2a5d2a0b73.js","1.1cb8a4beab9a10452e75.css","1-fe07b8e3a145fbc1222f.js","2.434967316f743de0ac49.css","2-49d2903221be7a12d8cf.js","3.aa0d1f5fb62efbcc9725.css","3-99e3593727ce12b5d9b8.js","component---web-pages-train-tsx.ff60a4db5c194fb00b8f.css","component---web-pages-train-tsx-b4a2785dd6359b695ff0.js"]}}